reviewer_id,USER_friendCount,USER_reviewCount,USER_firstCount,USER_usefulCount,USER_coolCount,USER_funnyCount,USER_complimentCount,USER_tipCount,USER_fanCount
1,0.0010036130068245685,0.01876675603217158,0.0036023054755043226,0.0027350872623078926,0.0018855368234250223,0.0012387918829636622,0.0002495819502333591,0.0012353304508956147,0.0
2,0.0030108390204737056,0.05170432784373803,0.02089337175792507,0.010202309629243726,0.004713842058562556,0.006016989145823502,0.0017969900416801856,0.0,0.0029498525073746312
3,0.009835407466880771,0.03983148219073152,0.02593659942363112,0.012242771555092472,0.004602928127772849,0.005427088249174139,0.0010732023860034441,0.0,0.02064896755162242
